{
  "version": 1,
  "author": "Anonymous maker",
  "editor": "wokwi",
  "parts": [
    { "type": "wokwi-arduino-mega", "id": "mega", "top": 0, "left": 0, "attrs": {} },
    {
      "type": "wokwi-buzzer",
      "id": "bz1",
      "top": -112.8,
      "left": 424.2,
      "attrs": { "volume": "0.1" }
    },
    {
      "type": "wokwi-pushbutton",
      "id": "btn1",
      "top": -135,
      "left": 3,
      "rotate": 90,
      "attrs": { "color": "red", "key": "1" }
    },
    {
      "type": "wokwi-pushbutton",
      "id": "btn2",
      "top": -135,
      "left": 243,
      "rotate": 90,
      "attrs": { "color": "white", "key": "6" }
    },
    {
      "type": "wokwi-pushbutton",
      "id": "btn4",
      "top": -135,
      "left": 147,
      "rotate": 90,
      "attrs": { "color": "yellow", "key": "4" }
    },
    {
      "type": "wokwi-pushbutton",
      "id": "btn5",
      "top": -135,
      "left": 99,
      "rotate": 90,
      "attrs": { "color": "blue", "key": "3" }
    },
    {
      "type": "wokwi-pushbutton",
      "id": "btn6",
      "top": -135,
      "left": 51,
      "rotate": 90,
      "attrs": { "color": "green", "key": "2" }
    },
    {
      "type": "wokwi-pushbutton",
      "id": "btn7",
      "top": -135,
      "left": 291,
      "rotate": 90,
      "attrs": { "color": "grey", "key": "7" }
    },
    { "type": "wokwi-slide-switch", "id": "sw1", "top": -110.8, "left": -64.1, "attrs": {} },
    {
      "type": "wokwi-pushbutton",
      "id": "btn8",
      "top": -135,
      "left": 195,
      "rotate": 90,
      "attrs": { "color": "cyan", "key": "5" }
    },
    {
      "type": "wokwi-pushbutton",
      "id": "btn3",
      "top": -135,
      "left": 339,
      "rotate": 90,
      "attrs": { "color": "red", "key": "8" }
    }
  ],
  "connections": [
    [ "btn1:2.r", "mega:GND.1", "black", [ "v67.4", "h90" ] ],
    [ "btn6:2.r", "mega:GND.1", "black", [ "v67.4", "h38.2" ] ],
    [ "btn5:2.r", "mega:GND.1", "black", [ "v67.4", "h-6.34", "v16.28" ] ],
    [ "btn4:2.r", "mega:GND.1", "black", [ "v67.4", "h-57.8" ] ],
    [ "btn2:2.r", "mega:GND.1", "black", [ "v67.4", "h-144.2" ] ],
    [ "btn7:2.r", "mega:GND.1", "black", [ "v67.4", "h-201.8" ] ],
    [ "sw1:2", "mega:GND.1", "black", [ "v67.2", "h163.3" ] ],
    [ "sw1:1", "mega:12", "purple", [ "v67.2", "h192" ] ],
    [ "sw1:3", "mega:11", "magenta", [ "v67.2", "h182.6" ] ],
    [ "btn7:1.r", "mega:2", "gray", [ "v57.8", "h-105.6" ] ],
    [ "btn2:1.r", "mega:3", "white", [ "v57.8", "h-57.6" ] ],
    [ "btn4:1.r", "mega:5", "yellow", [ "v57.8", "h19.2" ] ],
    [ "btn5:1.r", "mega:6", "blue", [ "v57.8", "h57.6" ] ],
    [ "btn6:1.r", "mega:7", "green", [ "v57.8", "h96" ] ],
    [ "btn1:1.r", "mega:8", "red", [ "v57.8", "h124.8", "v19.2" ] ],
    [ "btn8:2.r", "mega:GND.1", "black", [ "v67.4", "h-67.4" ] ],
    [ "btn8:1.r", "mega:4", "cyan", [ "v67.4", "h-19.2" ] ],
    [ "bz1:2", "mega:10", "red", [ "v28.8", "h-307.6" ] ],
    [ "bz1:1", "mega:GND.1", "black", [ "v19.2", "h-326.4" ] ],
    [ "btn3:2.r", "mega:GND.1", "black", [ "v67.4", "h-249.8" ] ],
    [ "btn3:1.r", "mega:9", "red", [ "v67.4", "h-220.8" ] ]
  ],
  "dependencies": {}
}